{
  "startId": 20,
  "count": 46,
  "blocks": [
    {
      "id": 20,
      "enumName": "Runestone",
      "displayName": "Runestone",
      "solid": true,
      "transparent": false,
      "hardness": 1.2,
      "atlasIndex": 20,
      "textureName": "runestone",
      "visibleInInventory": true,
      "hasCustomModel": false,
      "notes": ""
    },
    {
      "id": 21,
      "enumName": "Veinstone",
      "displayName": "Veinstone",
      "solid": true,
      "transparent": false,
      "hardness": 1.6,
      "atlasIndex": 21,
      "textureName": "veinstone",
      "visibleInInventory": true,
      "hasCustomModel": false,
      "notes": ""
    },
    {
      "id": 22,
      "enumName": "Veilglass",
      "displayName": "Veilglass",
      "solid": true,
      "transparent": true,
      "hardness": 0.3,
      "atlasIndex": 22,
      "textureName": "veilglass",
      "visibleInInventory": true,
      "hasCustomModel": false,
      "notes": ""
    },
    {
      "id": 23,
      "enumName": "Gravestone",
      "displayName": "Gravestone",
      "solid": true,
      "transparent": true,
      "hardness": 1.0,
      "atlasIndex": 23,
      "textureName": "gravestone",
      "visibleInInventory": true,
      "hasCustomModel": false,
      "notes": ""
    },
    {
      "id": 24,
      "enumName": "InscribedTablet",
      "displayName": "Inscribed Tablet",
      "solid": true,
      "transparent": true,
      "hardness": 0.8,
      "atlasIndex": 24,
      "textureName": "inscribed_tablet",
      "visibleInInventory": true,
      "hasCustomModel": false,
      "notes": ""
    },
    {
      "id": 25,
      "enumName": "FragmentScrap",
      "displayName": "Fragment Scrap",
      "solid": false,
      "transparent": true,
      "hardness": 0.0,
      "atlasIndex": 25,
      "textureName": "fragment_scrap",
      "visibleInInventory": true,
      "hasCustomModel": false,
      "notes": ""
    },
    {
      "id": 26,
      "enumName": "VeilSealStone",
      "displayName": "Veil Sealstone",
      "solid": true,
      "transparent": false,
      "hardness": 2.0,
      "atlasIndex": 26,
      "textureName": "veil_sealstone",
      "visibleInInventory": true,
      "hasCustomModel": false,
      "notes": ""
    },
    {
      "id": 27,
      "enumName": "EchoBloom",
      "displayName": "Echo Bloom",
      "solid": false,
      "transparent": true,
      "hardness": 0.2,
      "atlasIndex": 27,
      "textureName": "echo_bloom",
      "visibleInInventory": true,
      "hasCustomModel": false,
      "notes": ""
    },
    {
      "id": 28,
      "enumName": "GraveSilt",
      "displayName": "Grave Silt",
      "solid": false,
      "transparent": true,
      "hardness": 0.0,
      "atlasIndex": 28,
      "textureName": "grave_silt",
      "visibleInInventory": true,
      "hasCustomModel": false,
      "notes": ""
    },
    {
      "id": 29,
      "enumName": "RunestoneDust",
      "displayName": "Runestone Dust",
      "solid": false,
      "transparent": true,
      "hardness": 0.0,
      "atlasIndex": 29,
      "textureName": "runestone_dust",
      "visibleInInventory": true,
      "hasCustomModel": false,
      "notes": ""
    },
    {
      "id": 30,
      "enumName": "VeinstoneCrystal",
      "displayName": "Veinstone Crystal",
      "solid": false,
      "transparent": true,
      "hardness": 0.0,
      "atlasIndex": 30,
      "textureName": "veinstone_crystal",
      "visibleInInventory": true,
      "hasCustomModel": false,
      "notes": ""
    },
    {
      "id": 31,
      "enumName": "AnchoringSalt",
      "displayName": "Anchoring Salt",
      "solid": false,
      "transparent": true,
      "hardness": 0.0,
      "atlasIndex": 31,
      "textureName": "anchoring_salt",
      "visibleInInventory": true,
      "hasCustomModel": false,
      "notes": ""
    },
    {
      "id": 32,
      "enumName": "StabilizedAsh",
      "displayName": "Stabilized Ash",
      "solid": false,
      "transparent": true,
      "hardness": 0.0,
      "atlasIndex": 32,
      "textureName": "stabilized_ash",
      "visibleInInventory": true,
      "hasCustomModel": false,
      "notes": ""
    },
    {
      "id": 33,
      "enumName": "EchoIconShard",
      "displayName": "Echo Icon Shard",
      "solid": false,
      "transparent": true,
      "hardness": 0.0,
      "atlasIndex": 33,
      "textureName": "echo_icon_shard",
      "visibleInInventory": true,
      "hasCustomModel": false,
      "notes": ""
    },
    {
      "id": 34,
      "enumName": "CopperWiring",
      "displayName": "Copper Wiring",
      "solid": false,
      "transparent": true,
      "hardness": 0.0,
      "atlasIndex": 34,
      "textureName": "copper_wiring",
      "visibleInInventory": true,
      "hasCustomModel": false,
      "notes": ""
    },
    {
      "id": 35,
      "enumName": "LimiterSigil",
      "displayName": "Limiter Sigil",
      "solid": false,
      "transparent": true,
      "hardness": 0.0,
      "atlasIndex": 35,
      "textureName": "limiter_sigil",
      "visibleInInventory": true,
      "hasCustomModel": false,
      "notes": ""
    },
    {
      "id": 36,
      "enumName": "AlignmentMatrixFragment",
      "displayName": "Alignment Matrix Fragment",
      "solid": false,
      "transparent": true,
      "hardness": 0.0,
      "atlasIndex": 36,
      "textureName": "alignment_matrix_fragment",
      "visibleInInventory": true,
      "hasCustomModel": false,
      "notes": ""
    },
    {
      "id": 37,
      "enumName": "AttunedKeystoneFragment",
      "displayName": "Attuned Keystone Fragment",
      "solid": false,
      "transparent": true,
      "hardness": 0.0,
      "atlasIndex": 37,
      "textureName": "attuned_keystone_fragment",
      "visibleInInventory": true,
      "hasCustomModel": false,
      "notes": ""
    },
    {
      "id": 38,
      "enumName": "RegulatorComponent",
      "displayName": "Regulator Component",
      "solid": false,
      "transparent": true,
      "hardness": 0.0,
      "atlasIndex": 38,
      "textureName": "regulator_component",
      "visibleInInventory": true,
      "hasCustomModel": false,
      "notes": ""
    },
    {
      "id": 39,
      "enumName": "TransitRegulatorPart",
      "displayName": "Transit Regulator Part",
      "solid": false,
      "transparent": true,
      "hardness": 0.0,
      "atlasIndex": 39,
      "textureName": "transit_regulator_part",
      "visibleInInventory": true,
      "hasCustomModel": false,
      "notes": ""
    },
    {
      "id": 40,
      "enumName": "WayfinderPlinthPart",
      "displayName": "Wayfinder Plinth Part",
      "solid": false,
      "transparent": true,
      "hardness": 0.0,
      "atlasIndex": 40,
      "textureName": "wayfinder_plinth_part",
      "visibleInInventory": true,
      "hasCustomModel": false,
      "notes": ""
    },
    {
      "id": 41,
      "enumName": "ResonanceCore",
      "displayName": "Resonance Core",
      "solid": false,
      "transparent": true,
      "hardness": 0.0,
      "atlasIndex": 41,
      "textureName": "resonance_core",
      "visibleInInventory": true,
      "hasCustomModel": false,
      "notes": ""
    },
    {
      "id": 42,
      "enumName": "AxiomFulgrite",
      "displayName": "Axiom Fulgrite",
      "solid": false,
      "transparent": true,
      "hardness": 0.0,
      "atlasIndex": 42,
      "textureName": "axiom_fulgrite",
      "visibleInInventory": true,
      "hasCustomModel": false,
      "notes": ""
    },
    {
      "id": 43,
      "enumName": "AnchoringAlloy",
      "displayName": "Anchoring Alloy",
      "solid": false,
      "transparent": true,
      "hardness": 0.0,
      "atlasIndex": 43,
      "textureName": "anchoring_alloy",
      "visibleInInventory": true,
      "hasCustomModel": false,
      "notes": ""
    },
    {
      "id": 44,
      "enumName": "CleanPhial",
      "displayName": "Clean Phial",
      "solid": false,
      "transparent": true,
      "hardness": 0.0,
      "atlasIndex": 44,
      "textureName": "clean_phial",
      "visibleInInventory": true,
      "hasCustomModel": false,
      "notes": ""
    },
    {
      "id": 45,
      "enumName": "Swiftleaf",
      "displayName": "Swiftleaf",
      "solid": false,
      "transparent": true,
      "hardness": 0.0,
      "atlasIndex": 45,
      "textureName": "swiftleaf",
      "visibleInInventory": true,
      "hasCustomModel": false,
      "notes": ""
    },
    {
      "id": 46,
      "enumName": "Driftcap",
      "displayName": "Driftcap",
      "solid": false,
      "transparent": true,
      "hardness": 0.0,
      "atlasIndex": 46,
      "textureName": "driftcap",
      "visibleInInventory": true,
      "hasCustomModel": false,
      "notes": ""
    },
    {
      "id": 47,
      "enumName": "Embermoss",
      "displayName": "Embermoss",
      "solid": false,
      "transparent": true,
      "hardness": 0.0,
      "atlasIndex": 47,
      "textureName": "embermoss",
      "visibleInInventory": true,
      "hasCustomModel": false,
      "notes": ""
    },
    {
      "id": 48,
      "enumName": "SigilLoom",
      "displayName": "Sigil Loom",
      "solid": true,
      "transparent": false,
      "hardness": 1.0,
      "atlasIndex": 48,
      "textureName": "sigil_loom",
      "visibleInInventory": true,
      "hasCustomModel": false,
      "notes": ""
    },
    {
      "id": 49,
      "enumName": "QuietAlembic",
      "displayName": "Quiet Alembic",
      "solid": true,
      "transparent": true,
      "hardness": 0.8,
      "atlasIndex": 49,
      "textureName": "quiet_alembic",
      "visibleInInventory": true,
      "hasCustomModel": false,
      "notes": ""
    },
    {
      "id": 50,
      "enumName": "RunicAnvil",
      "displayName": "Runic Anvil",
      "solid": true,
      "transparent": false,
      "hardness": 2.0,
      "atlasIndex": 50,
      "textureName": "runic_anvil",
      "visibleInInventory": true,
      "hasCustomModel": false,
      "notes": ""
    },
    {
      "id": 51,
      "enumName": "CinderbranchStaff",
      "displayName": "Cinderbranch Staff",
      "solid": false,
      "transparent": true,
      "hardness": 0.0,
      "atlasIndex": 51,
      "textureName": "cinderbranch_staff",
      "visibleInInventory": true,
      "hasCustomModel": false,
      "notes": ""
    },
    {
      "id": 52,
      "enumName": "StormreedStaff",
      "displayName": "Stormreed Staff",
      "solid": false,
      "transparent": true,
      "hardness": 0.0,
      "atlasIndex": 52,
      "textureName": "stormreed_staff",
      "visibleInInventory": true,
      "hasCustomModel": false,
      "notes": ""
    },
    {
      "id": 53,
      "enumName": "WayboundFrame",
      "displayName": "Waybound Frame",
      "solid": true,
      "transparent": false,
      "hardness": 3.0,
      "atlasIndex": 53,
      "textureName": "waybound_frame",
      "visibleInInventory": true,
      "hasCustomModel": false,
      "notes": ""
    },
    {
      "id": 54,
      "enumName": "AttunedKeystone",
      "displayName": "Attuned Keystone",
      "solid": true,
      "transparent": true,
      "hardness": 3.0,
      "atlasIndex": 54,
      "textureName": "attuned_keystone",
      "visibleInInventory": true,
      "hasCustomModel": false,
      "notes": ""
    },
    {
      "id": 55,
      "enumName": "TimedLimiter",
      "displayName": "Timed Limiter",
      "solid": true,
      "transparent": true,
      "hardness": 2.0,
      "atlasIndex": 55,
      "textureName": "timed_limiter",
      "visibleInInventory": true,
      "hasCustomModel": false,
      "notes": ""
    },
    {
      "id": 56,
      "enumName": "TransitRegulator",
      "displayName": "Transit Regulator",
      "solid": true,
      "transparent": true,
      "hardness": 2.0,
      "atlasIndex": 56,
      "textureName": "transit_regulator",
      "visibleInInventory": true,
      "hasCustomModel": false,
      "notes": ""
    },
    {
      "id": 57,
      "enumName": "WaygatePlinth",
      "displayName": "Waygate Plinth",
      "solid": true,
      "transparent": false,
      "hardness": 2.5,
      "atlasIndex": 57,
      "textureName": "waygate_plinth",
      "visibleInInventory": true,
      "hasCustomModel": false,
      "notes": ""
    },
    {
      "id": 58,
      "enumName": "WaygateRune",
      "displayName": "Waygate Rune",
      "solid": true,
      "transparent": true,
      "hardness": 1.0,
      "atlasIndex": 58,
      "textureName": "waygate_rune",
      "visibleInInventory": true,
      "hasCustomModel": false,
      "notes": ""
    },
    {
      "id": 59,
      "enumName": "EvergateCore",
      "displayName": "Evergate Core",
      "solid": true,
      "transparent": true,
      "hardness": 3.5,
      "atlasIndex": 59,
      "textureName": "evergate_core",
      "visibleInInventory": true,
      "hasCustomModel": false,
      "notes": ""
    },
    {
      "id": 60,
      "enumName": "EvergateCoreUnstable",
      "displayName": "Evergate Core (Unstable)",
      "solid": true,
      "transparent": true,
      "hardness": 3.5,
      "atlasIndex": 60,
      "textureName": "evergate_core_unstable",
      "visibleInInventory": true,
      "hasCustomModel": false,
      "notes": ""
    },
    {
      "id": 61,
      "enumName": "FleetstepDraught",
      "displayName": "Fleetstep Draught",
      "solid": false,
      "transparent": true,
      "hardness": 0.0,
      "atlasIndex": 61,
      "textureName": "fleetstep_draught",
      "visibleInInventory": true,
      "hasCustomModel": false,
      "notes": ""
    },
    {
      "id": 62,
      "enumName": "SkyboundPhilter",
      "displayName": "Skybound Philter",
      "solid": false,
      "transparent": true,
      "hardness": 0.0,
      "atlasIndex": 62,
      "textureName": "skybound_philter",
      "visibleInInventory": true,
      "hasCustomModel": false,
      "notes": ""
    },
    {
      "id": 63,
      "enumName": "PyroskinTonic",
      "displayName": "Pyroskin Tonic",
      "solid": false,
      "transparent": true,
      "hardness": 0.0,
      "atlasIndex": 63,
      "textureName": "pyroskin_tonic",
      "visibleInInventory": true,
      "hasCustomModel": false,
      "notes": ""
    },
    {
      "id": 64,
      "enumName": "BrineveilElixir",
      "displayName": "Brineveil Elixir",
      "solid": false,
      "transparent": true,
      "hardness": 0.0,
      "atlasIndex": 64,
      "textureName": "brineveil_elixir",
      "visibleInInventory": true,
      "hasCustomModel": false,
      "notes": ""
    }
  ]
}