{
  "manifest": {
    "version": "v1.1",
    "generated_utc": "2026-01-13T00:12:54.232581Z",
    "dimensions": [
      "Caelum Prime",
      "Ignivar",
      "Velis",
      "Axiom Verge"
    ],
    "factions": [
      "Continuists",
      "Ascendants",
      "Veilkeepers",
      "Echo Faith",
      "Hearthward Covenant"
    ],
    "files": [
      "base_block_lore_overrides.json",
      "block_additions.json",
      "block_id_map.md",
      "codex_prompts_redactedcraft.md",
      "inscriptions.json",
      "loot_tables.json",
      "lore_story.md",
      "npc_dialogue_hearthward.json",
      "packs.json",
      "progression_beats.md",
      "recipe_fragments.json",
      "recipes_structured.json",
      "schema.json",
      "structures.json"
    ]
  },
  "packs": [
    {
      "pack_id": "pack_01_graves_and_whispers",
      "name": "Graves & Whispers",
      "scope": "Early-world discovery: graves, small ruins, doctrine hints",
      "adds": [
        "structures:grave_old",
        "loot:grave",
        "inscriptions:continuist/echo/unknown early"
      ],
      "stage": "early"
    },
    {
      "pack_id": "pack_02_ruinwork_continuum",
      "name": "Ruinwork of the Continuum",
      "scope": "Continuist workshops and safe recipes (Runestone, Limiter, Alembic); includes Artificer\u2019s Workbench discovery",
      "adds": [
        "structures:ruin_continuist_workshop_small",
        "loot:continuist_ruin_chest",
        "recipe_fragments:early/mid safe blueprints",
        "station:artificers_workbench"
      ],
      "stage": "early-mid"
    },
    {
      "pack_id": "pack_03_echo_shrines",
      "name": "Echo Shrines",
      "scope": "Temptation recipes that work but introduce controlled instability",
      "adds": [
        "structures:shrine_echo_small",
        "loot:echo_shrine_cache",
        "recipe_fragments:temptation"
      ],
      "stage": "early-mid"
    },
    {
      "pack_id": "pack_04_waygates_network",
      "name": "Waygates & the Broken Network",
      "scope": "Waygate hubs, resonance lore, safe vs unstable linked travel",
      "adds": [
        "structures:waygate_hub_ruined",
        "loot:waygate_hub_cache",
        "recipe_fragments:waygate/network"
      ],
      "stage": "mid"
    },
    {
      "pack_id": "pack_05_world_gates",
      "name": "World Gates",
      "scope": "Dimensional portals (timed) and first attunement",
      "adds": [
        "structures:portal_site_continuist",
        "loot:portal_site_cache",
        "recipe_fragments:world_gate"
      ],
      "stage": "mid-late"
    },
    {
      "pack_id": "pack_06_evergates_and_regulators",
      "name": "Evergates & Regulators",
      "scope": "Keep portals open indefinitely and control them",
      "adds": [
        "structures:regulator_chamber_veilkeeper",
        "loot:veil_seal_cache",
        "recipe_fragments:evergate"
      ],
      "stage": "late"
    },
    {
      "pack_id": "pack_07_hearthholds",
      "name": "Hearthholds of the Covenant",
      "scope": "Surviving settlements: subtle guidance + trade",
      "adds": [
        "structures:hearthhold_small",
        "npc_dialogue:hearthward",
        "loot:hearthhold_trader_stock"
      ],
      "stage": "all"
    }
  ]
}